date,vixopen,vixhigh,vixlow,vixclose
01/02/2015,17.76,20.14,17.05,17.79
01/05/2015,19.19,21.29,19.19,19.92
01/06/2015,20.33,22.9,19.52,21.12
01/07/2015,20.15,20.72,19.04,19.31
01/08/2015,17.93,18.09,16.99,17.01
01/09/2015,16.44,18.42,16.44,17.55
01/12/2015,18.02,20.44,18.02,19.6
01/13/2015,18.21,21.58,17.65,20.56
01/14/2015,22.87,23.34,21.32,21.48
01/15/2015,21.23,23.31,20.86,22.39
01/16/2015,22.8,23.43,20.95,20.95
01/20/2015,20.07,21.37,19.58,19.89
01/21/2015,20.92,21.28,18.64,18.85
01/22/2015,17.98,19.23,16.07,16.4
01/23/2015,16.79,17.09,15.81,16.66
01/26/2015,16.96,17.43,15.52,15.52
01/27/2015,17.6,18.41,16.67,17.22
01/28/2015,16.97,20.44,16.92,20.44
01/29/2015,20.46,21.56,18.66,18.76
01/30/2015,20.23,22.18,19.24,20.97
02/02/2015,20.89,22.81,19.35,19.43
02/03/2015,18.41,18.89,17.2,17.33
02/04/2015,17.82,18.38,16.82,18.33
02/05/2015,17.29,17.43,16.67,16.85
02/06/2015,16.29,18.74,16.06,17.29
02/09/2015,19.16,19.28,18.21,18.55
02/10/2015,17.72,18.36,16.97,17.23
02/11/2015,17.43,17.81,16.82,16.96
02/12/2015,16.39,16.47,15.28,15.34
02/13/2015,15.11,15.64,14.69,14.69
02/17/2015,15.86,16.33,15.53,15.8
02/18/2015,16.74,16.74,15.44,15.45
02/19/2015,16.11,16.22,15.1,15.29
02/20/2015,15.73,16.29,14.27,14.3
02/23/2015,15.05,15.48,14.49,14.56
02/24/2015,14.5,14.63,13.53,13.69
02/25/2015,13.64,14.06,12.86,13.84
02/26/2015,13.55,14.57,13.55,13.91
02/27/2015,14.07,14.17,13.29,13.34
03/02/2015,13.9,13.9,12.87,13.04
03/03/2015,13.35,14.69,13.25,13.86
03/04/2015,14.31,15.33,14.13,14.23
03/05/2015,14.01,14.58,13.88,14.04
03/06/2015,14.61,15.83,14.18,15.2
03/09/2015,15.72,15.76,14.71,15.06
03/10/2015,16.47,16.91,16.03,16.69
03/11/2015,16.44,17.19,16.29,16.87
03/12/2015,16.45,16.45,15.3,15.42
03/13/2015,15.47,16.74,15.32,16
03/16/2015,15.78,15.89,15.36,15.61
03/17/2015,16.31,16.37,15.66,15.66
03/18/2015,14.6,16.29,13.38,13.97
03/19/2015,14.68,14.97,13.84,14.07
03/20/2015,13.52,13.53,12.54,13.02
03/23/2015,13.52,13.53,12.89,13.41
03/24/2015,13.36,13.68,12.59,13.62
03/25/2015,13.26,15.55,13.2,15.44
03/26/2015,16.64,17.19,15.23,15.8
03/27/2015,15.73,15.83,14.19,15.07
03/30/2015,14.76,14.76,14.08,14.51
03/31/2015,14.97,15.74,14.33,15.29
04/01/2015,15.32,16.66,15.08,15.11
04/02/2015,15.3,15.51,14.27,14.67
04/06/2015,15.75,15.76,14.04,14.74
04/07/2015,14.57,14.81,14.01,14.78
04/08/2015,14.59,14.77,13.75,13.98
04/09/2015,14.14,14.59,13.09,13.09
04/10/2015,13.2,13.26,12.51,12.58
04/13/2015,13.17,14.31,12.71,13.94
04/14/2015,14.34,14.74,13.64,13.67
04/15/2015,13.58,13.58,12.83,12.84
04/16/2015,13.27,13.35,12.5,12.6
04/17/2015,13.97,15.02,13.73,13.89
04/20/2015,13.67,13.67,12.83,13.3
04/21/2015,12.75,13.51,12.66,13.25
04/22/2015,12.97,13.8,12.57,12.71
04/23/2015,12.96,12.96,12.12,12.48
04/24/2015,12.21,13.02,12.16,12.29
04/27/2015,12.34,13.4,12.33,13.12
04/28/2015,13.26,14.23,12.41,12.41
04/29/2015,13.44,14.34,12.61,13.39
04/30/2015,13.89,15.29,12.49,14.55
05/01/2015,13.98,13.98,12.68,12.7
05/04/2015,13.12,13.18,12.1,12.85
05/05/2015,13.21,14.41,12.97,14.31
05/06/2015,13.93,16.36,13.89,15.15
05/07/2015,15.48,15.97,14.81,15.13
05/08/2015,13.36,13.42,12.7,12.86
05/11/2015,13.35,13.85,13,13.85
05/12/2015,14.73,15.13,13.73,13.86
05/13/2015,13.63,14.04,13.06,13.76
05/14/2015,13.14,13.29,12.72,12.74
05/15/2015,12.46,13.09,12.35,12.38
05/18/2015,13.08,13.22,12.55,12.73
05/19/2015,12.95,13.13,12.55,12.85
05/20/2015,12.9,13.27,12.62,12.88
05/21/2015,13.03,13.09,12.09,12.11
05/22/2015,12.37,12.37,11.82,12.13
05/26/2015,13.45,14.63,13.34,14.06
05/27/2015,14.16,14.41,13.05,13.27
05/28/2015,13.49,13.99,13.31,13.31
05/29/2015,13.59,14.43,13.4,13.84
06/01/2015,13.92,14.86,13.47,13.97
06/02/2015,14.72,15.05,13.59,14.24
06/03/2015,13.73,14.2,13.4,13.66
06/04/2015,14.57,15.49,13.99,14.71
06/05/2015,15.01,15.65,14.21,14.21
06/08/2015,14.84,15.5,14.67,15.29
06/09/2015,15.18,15.74,14.47,14.47
06/10/2015,14.24,14.37,12.96,13.22
06/11/2015,13.04,13.22,12.56,12.85
06/12/2015,13.31,14.02,13.3,13.78
06/15/2015,15.48,15.57,14.91,15.39
06/16/2015,15.62,15.62,14.81,14.81
06/17/2015,14.66,15.49,14.07,14.5
06/18/2015,14.03,14.03,12.54,13.19
06/19/2015,13.35,14,12.96,13.96
06/22/2015,13.42,13.46,12.43,12.74
06/23/2015,12.5,12.68,11.93,12.11
06/24/2015,12.57,13.33,12.01,13.26
06/25/2015,12.96,14.16,12.92,14.01
06/26/2015,14.13,14.91,13.64,14.02
06/29/2015,16.7,19.5,15.82,18.85
06/30/2015,17.6,19.8,17.49,18.23
07/01/2015,16.63,17.26,15.65,16.09
07/02/2015,15.43,17.48,15.39,16.79
07/06/2015,18.65,18.95,16.57,17.01
07/07/2015,17.22,19.2,15.93,16.09
07/08/2015,17.38,19.76,16.94,19.66
07/09/2015,17.46,20.05,17.2,19.97
07/10/2015,17.45,18.17,16.6,16.83
07/13/2015,15.29,15.36,13.82,13.9
07/14/2015,13.91,13.95,12.9,13.37
07/15/2015,13.35,13.97,12.81,13.23
07/16/2015,12.59,12.61,11.87,12.11
07/17/2015,11.77,12.22,11.77,11.95
07/20/2015,12.25,12.37,11.71,12.25
07/21/2015,12.42,12.79,12.21,12.22
07/22/2015,12.77,12.83,12.05,12.12
07/23/2015,12.06,13.08,11.73,12.64
07/24/2015,12.87,14.73,12.86,13.74
07/27/2015,15.6,16.27,15.03,15.6
07/28/2015,14.87,15.62,13.32,13.44
07/29/2015,13.57,13.59,11.85,12.5
07/30/2015,12.72,13.42,12.09,12.13
07/31/2015,12.03,12.63,11.82,12.12
08/03/2015,12.85,13.55,12.32,12.56
08/04/2015,12.66,13.22,12.29,13
08/05/2015,12.02,12.72,10.88,12.51
08/06/2015,12.2,14.25,12.16,13.77
08/07/2015,13.57,14.58,13.29,13.39
08/10/2015,12.73,12.78,12.18,12.23
08/11/2015,13.24,14.33,13.02,13.71
08/12/2015,15.19,16.28,13.45,13.61
08/13/2015,13.87,14.33,13.06,13.49
08/14/2015,13.69,13.87,12.8,12.83
08/17/2015,14.32,14.52,13.01,13.02
08/18/2015,13.41,13.94,13.17,13.79
08/19/2015,14.84,15.96,13.73,15.25
08/20/2015,16.55,19.24,16.13,19.14
08/21/2015,22.55,28.38,20.8,28.03
08/24/2015,28.03,53.29,28.03,40.74
08/25/2015,31.13,38.06,28.08,36.02
08/26/2015,31.13,35.62,28.67,30.32
08/27/2015,27.11,29.9,24.49,26.1
08/28/2015,26.69,29.2,25.77,26.05
08/31/2015,27.03,29.37,26.63,28.43
09/01/2015,31.91,33.82,29.91,31.4
09/02/2015,29.14,30.45,24.77,26.09
09/03/2015,25.21,26.31,23.45,25.61
09/04/2015,27.43,29.47,25.68,27.8
09/08/2015,25.05,26.25,24.13,24.9
09/09/2015,22.39,26.82,21.51,26.23
09/10/2015,26.87,27.22,23.53,24.37
09/11/2015,25.38,25.81,23.15,23.2
09/14/2015,24.03,25.32,23.64,24.25
09/15/2015,23.28,23.77,22.13,22.54
09/16/2015,22.57,22.94,21.09,21.35
09/17/2015,21.54,23.33,17.87,21.14
09/18/2015,23.07,23.99,20.98,22.28
09/21/2015,21.97,22.48,20.05,20.14
09/22/2015,22.97,26.29,22.25,22.44
09/23/2015,22.09,23.2,21.14,22.13
09/24/2015,23.53,25.3,21.81,23.47
09/25/2015,21.12,24.29,20.81,23.62
09/28/2015,25.02,28.33,24.94,27.63
09/29/2015,26.57,28.2,25.76,26.83
09/30/2015,24.64,25.88,23.25,24.5
10/01/2015,23.14,25.23,22.55,22.55
10/02/2015,23.99,24.47,20.35,20.94
10/05/2015,20.31,20.42,19.14,19.54
10/06/2015,19.54,20.32,18.82,19.4
10/07/2015,18.96,19.73,18.33,18.4
10/08/2015,18.62,19.02,16.34,17.42
10/09/2015,17.15,18.2,16.89,17.08
10/12/2015,17.68,17.81,16.15,16.17
10/13/2015,17.08,17.7,16.14,17.67
10/14/2015,17.67,18.78,17.3,18.03
10/15/2015,17.62,17.85,16.04,16.05
10/16/2015,15.64,16.86,15.05,15.05
10/19/2015,15.68,16.23,14.82,14.98
10/20/2015,15.17,16.34,14.72,15.75
10/21/2015,14.98,16.7,14.41,16.7
10/22/2015,15.02,15.92,14.45,14.45
10/23/2015,13.46,15.12,13.24,14.46
10/26/2015,14.76,15.43,14.68,15.29
10/27/2015,15.75,15.99,14.78,15.43
10/28/2015,15.14,15.73,12.8,14.33
10/29/2015,14.8,15.46,14.33,14.61
10/30/2015,14.6,15.39,14,15.07
11/02/2015,15.41,15.51,13.67,14.15
11/03/2015,14.33,14.73,13.81,14.54
11/04/2015,14.04,15.88,13.96,15.51
11/05/2015,15.39,16.39,15,15.05
11/06/2015,14.91,16,14.32,14.33
11/09/2015,15.34,17.09,15.14,16.52
11/10/2015,16.69,16.96,15.24,15.29
11/11/2015,15.07,16.15,15.02,16.06
11/12/2015,17.06,18.5,16.65,18.37
11/13/2015,18.68,20.67,18.2,20.08
11/16/2015,20.51,20.55,17.25,18.16
11/17/2015,17.82,19.59,16.86,18.84
11/18/2015,19.01,19.45,16.8,16.85
11/19/2015,16.25,18.26,16,16.99
11/20/2015,16.13,16.38,15.47,15.47
11/23/2015,16.15,16.74,15.38,15.62
11/24/2015,16.53,17.21,15.48,15.93
11/25/2015,15.55,15.89,15.05,15.19
11/27/2015,15.31,16.09,15.12,15.12
11/30/2015,15.55,16.57,15.52,16.13
12/01/2015,15.61,16.34,14.63,14.67
12/02/2015,15.04,16.49,14.71,15.91
12/03/2015,15.87,19.35,15.86,18.11
12/04/2015,17.43,17.65,14.69,14.81
12/07/2015,15.65,17.18,15.58,15.84
12/08/2015,17.69,18.33,16.52,17.6
12/09/2015,18.05,20.13,15.72,19.61
12/10/2015,19.25,19.72,18.13,19.34
12/11/2015,21.36,25.27,20.88,24.39
12/14/2015,24.7,26.81,21.47,22.73
12/15/2015,20.76,21.62,20.02,20.95
12/16/2015,19.25,20.24,17.12,17.86
12/17/2015,16.18,19.05,16.13,18.94
12/18/2015,19.34,23.3,18.75,20.7
12/21/2015,19.64,20.21,18.7,18.7
12/22/2015,17.61,18.22,16.6,16.6
12/23/2015,15.86,16.25,15.33,15.57
12/24/2015,15.44,15.88,14.45,15.74
12/28/2015,17.65,18.13,16.88,16.91
12/29/2015,15.91,16.48,15.63,16.08
12/30/2015,16.5,17.42,16.5,17.29
12/31/2015,17.97,20.39,17.51,18.21
01/04/2016,22.48,23.36,20.67,20.7
01/05/2016,20.75,21.06,19.25,19.34
01/06/2016,21.67,21.86,19.8,20.59
01/07/2016,23.22,25.86,22.4,24.99
01/08/2016,22.96,27.08,22.48,27.01
01/11/2016,25.58,27.39,23.83,24.3
01/12/2016,22.97,23.93,21.91,22.47
01/13/2016,21.72,26.11,21.44,25.22
01/14/2016,24.75,26.28,23.07,23.95
01/15/2016,28.96,30.95,26.67,27.02
01/19/2016,25.4,27.59,25.21,26.05
01/20/2016,27.78,32.09,26.59,27.59
01/21/2016,27.79,28.43,25.01,26.69
01/22/2016,24.21,24.55,22.22,22.34
01/25/2016,23.3,24.31,22.38,24.15
01/26/2016,23.75,24.02,22.33,22.5
01/27/2016,22.88,27.22,20.42,23.11
01/28/2016,22.15,23.81,21.9,22.42
01/29/2016,21.59,21.74,19.5,20.2
02/01/2016,21.32,23.66,19.61,19.98
02/02/2016,21.34,22.42,21.06,21.98
02/03/2016,21.49,27.7,21.42,21.65
02/04/2016,22.29,23.14,21.24,21.84
02/05/2016,22.09,24.11,21.91,23.38
02/08/2016,25.89,27.72,25.56,26
02/09/2016,28.3,28.31,25.99,26.54
02/10/2016,25.75,26.6,24.47,26.29
02/11/2016,29.01,30.9,26.67,28.14
02/12/2016,27.16,27.57,24.92,25.4
02/16/2016,24.96,25.52,23.32,24.11
02/17/2016,23.4,24.16,21.83,22.31
02/18/2016,22.16,22.53,21.29,21.64
02/19/2016,22.39,23.44,20.52,20.53
02/22/2016,20.14,20.35,19.02,19.38
02/23/2016,19.75,21.16,19.54,20.98
02/24/2016,22.28,22.87,20.26,20.72
02/25/2016,20.54,21.26,19.1,19.11
02/26/2016,18.89,20.13,18.46,19.81
02/29/2016,20.49,20.81,18.38,20.55
03/01/2016,19.84,20.17,17.66,17.7
03/02/2016,17.98,18.41,16.78,17.09
03/03/2016,17.25,17.56,16.32,16.7
03/04/2016,16.48,17.35,16.05,16.86
03/07/2016,17.98,18.04,16.87,17.35
03/08/2016,18.38,18.89,17.82,18.67
03/09/2016,18.56,19.11,18.31,18.34
03/10/2016,18.17,19.59,17.06,18.05
03/11/2016,17.09,17.27,16.28,16.5
03/14/2016,17.01,17.67,16.69,16.92
03/15/2016,17.6,17.85,16.84,16.84
03/16/2016,15.96,16.33,14.89,14.99
03/17/2016,15.34,15.38,13.82,14.44
03/18/2016,14.05,14.36,13.75,14.02
03/21/2016,14.57,14.73,13.79,13.79
03/22/2016,14.57,14.76,13.75,14.17
03/23/2016,14.57,15.03,14.33,14.94
03/24/2016,16.3,16.44,14.71,14.74
03/28/2016,15.65,16.04,14.89,15.24
03/29/2016,15.74,15.89,13.79,13.82
03/30/2016,13.69,13.89,13.06,13.56
03/31/2016,13.73,14.28,13.49,13.95
04/01/2016,15.23,15.28,13,13.1
04/04/2016,13.88,14.24,13.66,14.12
04/05/2016,15.39,15.72,14.93,15.42
04/06/2016,15.61,15.98,14,14.09
04/07/2016,15.14,16.77,14.68,16.16
04/08/2016,15.34,15.93,14.84,15.36
04/11/2016,15.34,16.26,14.83,16.26
04/12/2016,15.98,16.57,14.84,14.85
04/13/2016,14.49,14.53,13.6,13.84
04/14/2016,13.9,14.12,13.38,13.72
04/15/2016,13.77,14.19,13.58,13.62
04/18/2016,14.87,14.94,13.23,13.35
04/19/2016,13.18,13.88,12.98,13.24
04/20/2016,13.39,13.5,12.5,13.28
04/21/2016,13.2,14.14,13.16,13.95
04/22/2016,13.7,14.19,13.15,13.22
04/25/2016,14.07,14.76,13.86,14.08
04/26/2016,14.01,14.43,13.66,13.96
04/27/2016,14.15,14.95,13.5,13.77
04/28/2016,14.53,15.61,13.3,15.22
04/29/2016,15.21,17.09,14.91,15.7
05/02/2016,16.33,16.5,14.48,14.68
05/03/2016,14.92,16.42,14.91,15.6
05/04/2016,15.47,16.85,15.39,16.05
05/05/2016,15.54,16.45,15.22,15.91
05/06/2016,16.2,16.58,14.71,14.72
05/09/2016,15.2,15.39,14.17,14.57
05/10/2016,13.98,14.35,13.55,13.63
05/11/2016,13.92,14.69,13.29,14.69
05/12/2016,14.55,15.42,13.95,14.41
05/13/2016,15.15,15.47,13.97,15.04
05/16/2016,15.72,15.98,14.28,14.68
05/17/2016,14.57,16.12,14.48,15.57
05/18/2016,15.72,16.47,14.86,15.95
05/19/2016,16.37,17.65,16.28,16.33
05/20/2016,16.13,16.3,15.11,15.2
05/23/2016,16.33,16.47,15.4,15.82
05/24/2016,16.03,16.06,14.36,14.42
05/25/2016,14.19,14.33,13.64,13.9
05/26/2016,13.8,14.11,13.43,13.43
05/27/2016,13.49,13.76,13.04,13.12
05/31/2016,13.94,15,13.45,14.19
06/01/2016,14.45,15.25,14.18,14.2
06/02/2016,14.42,14.92,13.62,13.63
06/03/2016,13.78,14.66,12.9,13.47
06/06/2016,13.84,14.27,13.42,13.65
06/07/2016,12.77,14.05,12.72,14.05
06/08/2016,13.84,14.27,13.7,14.08
06/09/2016,14.01,14.85,13.99,14.64
06/10/2016,14.89,17.33,14.85,17.03
06/13/2016,18.24,21.01,17.89,20.97
06/14/2016,21.28,22.16,20.27,20.5
06/15/2016,20.25,20.45,18.63,20.14
06/16/2016,20.8,22.89,19.24,19.37
06/17/2016,19.42,20.03,18.71,19.41
06/20/2016,17.42,18.55,16.59,18.37
06/21/2016,17.67,18.96,16.91,18.48
06/22/2016,18.26,21.22,17.83,21.17
06/23/2016,19.54,19.79,17.25,17.25
06/24/2016,26.06,26.24,19.48,25.76
06/27/2016,24.38,26.72,22.93,23.85
06/28/2016,21.76,22.07,18.75,18.75
06/29/2016,18.12,18.27,16.48,16.64
06/30/2016,16.91,16.99,15.29,15.63
07/01/2016,15.59,15.86,14.61,14.77
07/05/2016,16.05,16.62,15.49,15.58
07/06/2016,15.87,17.04,14.96,14.96
07/07/2016,14.8,15.98,14.33,14.76
07/08/2016,14.64,14.75,13.19,13.2
07/11/2016,13.25,13.67,13,13.54
07/12/2016,12.93,13.93,12.75,13.55
07/13/2016,13.32,13.79,12.92,13.04
07/14/2016,12.5,13.37,12.14,12.82
07/15/2016,13.12,13.22,12.27,12.67
07/18/2016,12.75,13.12,12.33,12.44
07/19/2016,12.53,12.83,11.94,11.97
07/20/2016,11.94,11.97,11.4,11.77
07/21/2016,11.8,13.06,11.69,12.74
07/22/2016,12.8,12.88,11.97,12.02
07/25/2016,12.64,13.72,12.39,12.87
07/26/2016,12.88,13.5,12.8,13.05
07/27/2016,12.61,13.74,12.5,12.83
07/28/2016,12.51,13.52,12.36,12.72
07/29/2016,12.85,12.9,11.77,11.87
08/01/2016,11.89,12.98,11.86,12.44
08/02/2016,12.39,14.24,12.35,13.37
08/03/2016,13.53,13.91,12.73,12.86
08/04/2016,12.73,12.98,11.79,12.42
08/05/2016,12.08,12.26,11.18,11.39
08/08/2016,11.66,11.78,11.41,11.5
08/09/2016,11.4,11.92,11.02,11.66
08/10/2016,11.55,12.5,11.37,12.05
08/11/2016,11.93,12.11,11.38,11.68
08/12/2016,11.61,12,11.28,11.55
08/15/2016,11.81,12.17,11.58,11.81
08/16/2016,12.04,12.78,11.87,12.64
08/17/2016,12.57,13.71,12.14,12.19
08/18/2016,12.2,12.53,11.42,11.43
08/19/2016,11.67,12.28,11.33,11.34
08/22/2016,12.53,13.02,11.94,12.27
08/23/2016,12.15,12.44,11.72,12.38
08/24/2016,12.7,14.01,12.3,13.45
08/25/2016,13.62,14.09,13.29,13.63
08/26/2016,13.54,14.93,12.13,13.65
08/29/2016,14.09,14.43,12.9,12.94
08/30/2016,12.94,13.6,12.7,13.12
08/31/2016,13.14,14.34,12.97,13.42
09/01/2016,13.07,14.61,12.99,13.48
09/02/2016,13.47,13.9,11.9,11.98
09/06/2016,12.42,12.93,11.85,12.02
09/07/2016,11.89,12.45,11.77,11.94
09/08/2016,11.74,12.6,11.65,12.51
09/09/2016,12.52,17.54,12.52,17.5
09/12/2016,20.13,20.51,14.76,15.16
09/13/2016,15.98,18.97,15.83,17.85
09/14/2016,17.63,18.14,16.34,18.14
09/15/2016,17.97,18.07,15.74,16.3
09/16/2016,16.41,17.1,15.28,15.37
09/19/2016,15.14,15.96,14.6,15.53
09/20/2016,14.98,16.09,14.69,15.92
09/21/2016,15.07,15.65,12.98,13.3
09/22/2016,13.39,13.39,11.76,12.02
09/23/2016,12,12.58,11.93,12.29
09/26/2016,13.26,14.63,13.26,14.5
09/27/2016,13.36,14.76,12.97,13.1
09/28/2016,12.9,13.57,12.24,12.39
09/29/2016,12.53,15.69,12.14,14.02
09/30/2016,14.91,15.2,12.53,13.29
10/03/2016,13.75,14.42,13.42,13.57
10/04/2016,13.4,14.57,12.92,13.63
10/05/2016,13.56,13.68,12.7,12.99
10/06/2016,13.11,13.84,12.8,12.84
10/07/2016,13.52,14.15,12.21,13.48
10/10/2016,14.19,14.36,13.29,13.38
10/11/2016,13.71,16.47,13.69,15.36
10/12/2016,15.53,16.34,15.26,15.91
10/13/2016,16.88,17.95,16.14,16.69
10/14/2016,16.49,16.5,15.25,16.12
10/17/2016,17.01,17.11,16.13,16.21
10/18/2016,15.82,15.85,15.03,15.28
10/19/2016,15.45,15.68,13.87,14.41
10/20/2016,14.43,14.72,13.74,13.75
10/21/2016,14.04,14.53,13.27,13.34
10/24/2016,13.19,13.26,12.83,13.02
10/25/2016,12.91,13.86,12.73,13.46
10/26/2016,13.66,14.8,13.66,14.24
10/27/2016,14.37,15.43,13.6,15.36
10/28/2016,15.67,17.35,14.65,16.19
10/31/2016,16.31,17.63,16.25,17.06
11/01/2016,16.54,20.43,16.51,18.56
11/02/2016,19.09,19.82,18.56,19.32
11/03/2016,19.85,22.57,18.84,22.08
11/04/2016,21.86,23.01,19.2,22.51
11/07/2016,19.78,19.86,18.39,18.71
11/08/2016,18.92,19.91,17.7,18.74
11/09/2016,20.7,21.48,14.33,14.38
11/10/2016,14.01,16.3,13.26,14.74
11/11/2016,14.83,16,14.15,14.17
11/14/2016,14.69,15.56,14.39,14.48
11/15/2016,14.16,14.65,13.3,13.37
11/16/2016,13.51,14.49,13.51,13.72
11/17/2016,13.37,13.55,12.97,13.35
11/18/2016,13.56,13.74,12.85,12.85
11/21/2016,13.27,13.44,12.16,12.42
11/22/2016,12.26,12.83,12.2,12.41
11/23/2016,12.34,13.01,12.19,12.43
11/25/2016,12.52,12.74,12.31,12.34
11/28/2016,13.4,13.5,12.74,13.15
11/29/2016,13.07,13.55,12.62,12.9
11/30/2016,12.6,13.42,12.23,13.33
12/01/2016,13.4,14.72,13.05,14.07
12/02/2016,14.16,14.48,12.39,14.12
12/05/2016,13.75,13.77,12.14,12.14
12/06/2016,12.19,12.3,11.54,11.79
12/07/2016,11.59,12.24,11.33,12.22
12/08/2016,12.1,13.4,11.3,12.64
12/09/2016,12.59,12.72,11.67,11.75
12/12/2016,12.23,12.78,12.07,12.64
12/13/2016,12.46,13.42,12.34,12.72
12/14/2016,12.88,13.39,12.48,13.19
12/15/2016,13.07,13.24,12.46,12.79
12/16/2016,12.88,12.95,12.15,12.2
12/19/2016,12.5,12.52,11.67,11.71
12/20/2016,11.65,11.75,11.38,11.45
12/21/2016,11.44,11.49,10.93,11.27
12/22/2016,11.32,11.67,11.14,11.43
12/23/2016,11.38,11.81,11.35,11.44
12/27/2016,12.26,12.33,11.84,11.99
12/28/2016,11.89,13.04,11.85,12.95
12/29/2016,13.15,13.71,12.95,13.37
12/30/2016,13.2,14.68,13.05,14.04
01/03/2017,14.07,14.07,12.85,12.85
01/04/2017,12.78,12.8,11.63,11.85
01/05/2017,11.96,12.09,11.4,11.67
01/06/2017,11.7,11.74,10.98,11.32
01/09/2017,11.71,12.08,11.46,11.56
01/10/2017,11.59,11.79,11.31,11.49
01/11/2017,11.56,12.23,11.21,11.26
01/12/2017,11.48,12.6,11.32,11.54
01/13/2017,11.45,11.62,10.94,11.23
01/17/2017,12.2,12.75,11.79,11.87
01/18/2017,11.79,12.81,11.69,12.48
01/19/2017,12.58,13.28,12.17,12.78
01/20/2017,12.58,12.59,11.53,11.54
01/23/2017,12.3,12.62,11.59,11.77
01/24/2017,11.82,11.89,11.04,11.07
01/25/2017,10.79,11.05,10.51,10.81
01/26/2017,10.61,11.01,10.6,10.63
01/27/2017,10.57,10.82,10.3,10.58
01/30/2017,11.1,12.9,11.1,11.88
01/31/2017,12.29,12.99,11.79,11.99
02/01/2017,11.79,12.05,9.97,11.81
02/02/2017,12.37,12.47,11.62,11.93
02/03/2017,11.84,11.84,10.72,10.97
02/06/2017,11.37,11.84,11.09,11.37
02/07/2017,11.39,11.67,11.06,11.29
02/08/2017,11.19,11.82,11.15,11.45
02/09/2017,11.44,11.53,10.74,10.88
02/10/2017,10.85,10.95,10.55,10.85
02/13/2017,11.36,11.4,11.07,11.07
02/14/2017,11.17,11.34,10.73,10.74
02/15/2017,10.84,12.01,10.8,11.97
02/16/2017,12.02,12.86,11.69,11.76
02/17/2017,11.84,12.26,11.37,11.49
02/21/2017,12.05,12.09,11.5,11.57
02/22/2017,11.48,12.07,11.44,11.74
02/23/2017,11.66,12.46,11.54,11.71
02/24/2017,11.81,12.59,11.34,11.47
02/27/2017,11.78,12.14,11.53,12.09
02/28/2017,12.19,12.96,12.13,12.92
03/01/2017,12.31,12.58,11.78,12.54
03/02/2017,12.43,12.71,11.32,11.81
03/03/2017,11.96,11.97,10.94,10.96
03/06/2017,11.59,11.72,11.06,11.24
03/07/2017,11.27,11.58,11.04,11.45
03/08/2017,11.49,11.86,11.09,11.86
03/09/2017,11.75,12.43,11.62,12.3
03/10/2017,11.97,12.09,11.46,11.66
03/13/2017,12.16,12.23,11.29,11.35
03/14/2017,11.39,12.54,11.28,12.3
03/15/2017,12.12,12.25,10.6,11.63
03/16/2017,11.29,11.55,11.16,11.21
03/17/2017,11.38,11.38,10.78,11.28
03/20/2017,11.71,11.72,11.03,11.34
03/21/2017,11.15,12.85,10.92,12.47
03/22/2017,12.95,13.16,11.99,12.81
03/23/2017,12.65,13.17,12.18,13.12
03/24/2017,12.86,14.16,12.27,12.96
03/27/2017,14.78,15.11,12.48,12.5
03/28/2017,12.44,12.67,11.34,11.53
03/29/2017,11.54,11.7,11.03,11.42
03/30/2017,11.37,11.64,11.12,11.54
03/31/2017,11.61,12.54,11.5,12.37
04/03/2017,12.59,13.59,12.27,12.38
04/04/2017,12.71,13.07,11.7,11.79
04/05/2017,11.89,12.89,10.9,12.89
04/06/2017,13.11,13.22,11.7,12.39
04/07/2017,13.17,13.43,12.23,12.87
04/10/2017,13.24,14.11,12.94,14.05
04/11/2017,14.32,15.88,14.17,15.07
04/12/2017,15.16,16.16,14.84,15.77
04/13/2017,15.89,16.22,14.97,15.96
04/17/2017,16.19,16.28,14.6,14.66
04/18/2017,14.5,15.5,14.29,14.42
04/19/2017,14,15.15,13.46,14.93
04/20/2017,14.59,14.81,13.83,14.15
04/21/2017,13.85,15.33,13.85,14.63
04/24/2017,11.56,12.01,10.82,10.84
04/25/2017,10.81,11.15,10.22,10.76
04/26/2017,10.61,10.89,10.39,10.85
04/27/2017,10.72,11.08,10.33,10.36
04/28/2017,10.39,11.16,10.29,10.82
05/01/2017,10.92,11.04,9.9,10.11
05/02/2017,10.15,10.59,10.04,10.59
05/03/2017,10.56,11.15,10.4,10.68
05/04/2017,10.71,11.24,10.27,10.46
05/05/2017,10.51,10.98,9.99,10.57
05/08/2017,10.53,10.55,9.67,9.77
05/09/2017,9.87,10.14,9.56,9.96
05/10/2017,9.75,10.24,9.62,10.21
05/11/2017,10.34,11.23,10.32,10.6
05/12/2017,10.72,10.87,10.28,10.4
05/15/2017,10.54,10.88,10.25,10.42
05/16/2017,10.46,10.67,10.18,10.65
05/17/2017,11.89,15.59,11.53,15.59
05/18/2017,14.06,16.3,14.03,14.66
05/19/2017,14.23,14.23,11.72,12.04
05/22/2017,12.29,12.52,10.89,10.93
05/23/2017,11,11,10.56,10.72
05/24/2017,10.61,10.9,9.88,10.02
05/25/2017,9.82,10.29,9.72,9.99
05/26/2017,9.93,10.48,9.65,9.81
05/30/2017,10.61,10.84,10.14,10.38
05/31/2017,10.1,11.3,9.93,10.41
06/01/2017,10.42,10.54,9.69,9.89
06/02/2017,10.08,10.3,9.58,9.75
06/05/2017,10.08,10.28,9.6,10.07
06/06/2017,10.19,10.77,9.86,10.45
06/07/2017,10.48,10.93,10.12,10.39
06/08/2017,10.27,10.53,9.73,10.16
06/09/2017,9.93,12.11,9.37,10.7
06/12/2017,11.19,12.37,11.19,11.46
06/13/2017,11.12,11.14,10.26,10.42
06/14/2017,10.33,11.26,10.01,10.64
06/15/2017,11.06,12.01,10.74,10.9
06/16/2017,10.63,11.35,10.26,10.38
06/19/2017,10.57,10.6,10.01,10.37
06/20/2017,10.28,11.15,10.24,10.86
06/21/2017,11.03,11.4,10.4,10.75
06/22/2017,10.81,11.01,10.24,10.48
06/23/2017,10.25,10.69,9.85,10.02
06/26/2017,10.13,10.44,9.68,9.9
06/27/2017,10.04,11.31,9.8,11.06
06/28/2017,11.17,11.49,9.76,10.03
06/29/2017,9.79,15.16,9.73,11.44
06/30/2017,11.74,11.85,10.4,11.18
07/03/2017,11.07,11.45,10.28,11.22
07/05/2017,11.2,12.03,10.79,11.07
07/06/2017,11.2,13.05,11.18,12.54
07/07/2017,12.48,12.57,10.98,11.19
07/10/2017,11.26,11.73,10.61,11.11
07/11/2017,10.79,12.14,10.68,10.89
07/12/2017,10.85,10.85,10.08,10.3
07/13/2017,10.07,10.4,9.9,9.9
07/14/2017,10.09,10.14,9.5,9.51
07/17/2017,9.77,10.03,9.71,9.82
07/18/2017,9.86,10.35,9.66,9.89
07/19/2017,9.69,9.94,9.58,9.79
07/20/2017,9.66,10.28,9.5,9.58
07/21/2017,9.52,9.98,9.3,9.36
07/24/2017,9.94,9.97,9.26,9.43
07/25/2017,9.4,9.52,9.04,9.43
07/26/2017,9.25,9.66,8.84,9.6
07/27/2017,9.33,11.5,9.16,10.11
07/28/2017,10.62,11.3,10.26,10.29
07/31/2017,10.53,10.84,10.23,10.26
08/01/2017,10.19,10.56,9.95,10.09
08/02/2017,10.08,10.81,9.8,10.28
08/03/2017,10.47,10.6,9.9,10.44
08/04/2017,10.48,10.5,9.68,10.03
08/07/2017,10.19,10.32,9.76,9.93
08/08/2017,10.04,11.52,9.52,10.96
08/09/2017,11.49,12.63,11.11,11.11
08/10/2017,11.57,16.17,11.56,16.04
08/11/2017,16.17,17.28,14.5,15.51
08/14/2017,14.05,14.05,12.06,12.33
08/15/2017,11.78,12.37,11.45,12.04
08/16/2017,11.59,12.54,11.25,11.74
08/17/2017,11.81,15.77,11.54,15.55
08/18/2017,15.38,16.04,13.32,14.26
08/21/2017,14.59,14.74,13.07,13.19
08/22/2017,12.6,12.94,11.35,11.35
08/23/2017,11.51,12.59,11.39,12.25
08/24/2017,12.06,12.83,11.55,12.23
08/25/2017,12.2,12.45,11.1,11.28
08/28/2017,12.09,12.11,11.23,11.32
08/29/2017,13.33,14.34,11.48,11.7
08/30/2017,11.4,11.98,10.96,11.22
08/31/2017,11.07,11.22,10.34,10.59
09/01/2017,10.33,10.46,10.02,10.13
09/05/2017,11.75,14.06,11.41,12.23
09/06/2017,12.27,12.59,11.35,11.63
09/07/2017,11.93,12.07,11.32,11.55
09/08/2017,11.87,12.6,11.84,12.12
09/11/2017,11.38,11.39,10.51,10.73
09/12/2017,10.66,10.95,10.29,10.58
09/13/2017,10.72,10.86,10.33,10.5
09/14/2017,10.57,11.04,10.28,10.44
09/15/2017,10.51,10.74,10,10.17
09/18/2017,10.18,10.42,9.88,10.15
09/19/2017,10.16,10.3,9.85,10.18
09/20/2017,10.04,10.67,9.67,9.78
09/21/2017,9.74,10.21,9.54,9.67
09/22/2017,9.9,10.2,9.5,9.59
09/25/2017,10.08,11.21,9.79,10.21
09/26/2017,10.42,10.68,9.94,10.17
09/27/2017,9.9,10.42,9.63,9.87
09/28/2017,9.74,10.13,9.55,9.55
09/29/2017,9.59,9.83,9.36,9.51
10/02/2017,9.59,10.04,9.37,9.45
10/03/2017,9.3,9.75,9.3,9.51
10/04/2017,9.53,9.88,9.53,9.63
10/05/2017,9.48,9.62,9.13,9.19
10/06/2017,9.23,10.27,9.11,9.65
10/09/2017,9.92,10.53,9.88,10.33
10/10/2017,10.15,10.66,9.94,10.08
10/11/2017,9.95,10.38,9.72,9.85
10/12/2017,9.94,10.33,9.65,9.91
10/13/2017,9.95,9.98,9.44,9.61
10/16/2017,9.95,10.02,9.75,9.91
10/17/2017,9.85,10.46,9.78,10.31
10/18/2017,10.34,10.41,9.87,10.07
10/19/2017,10.22,11.77,9.99,10.05
10/20/2017,9.92,10.04,9.29,9.97
10/23/2017,10.25,11.08,9.94,11.07
10/24/2017,10.89,11.16,10.39,11.16
10/25/2017,11.34,13.2,10.99,11.23
10/26/2017,11.17,11.81,10.6,11.3
10/27/2017,11.12,11.12,9.74,9.8
10/30/2017,10.28,10.89,10.1,10.5
10/31/2017,10.34,10.37,9.9,10.18
11/01/2017,9.79,10.49,9.74,10.2
11/02/2017,10.44,10.89,9.67,9.93
11/03/2017,9.83,9.91,8.99,9.14
11/06/2017,9.63,9.74,9.38,9.4
11/07/2017,9.31,10.31,9.29,9.89
11/08/2017,9.79,10.27,9.5,9.78
11/09/2017,9.94,12.19,9.79,10.5
11/10/2017,10.78,11.58,10.5,11.29
11/13/2017,11.43,12.18,11,11.5
11/14/2017,11.53,12.61,11.45,11.59
11/15/2017,12.52,14.51,12.33,13.13
11/16/2017,12.47,12.52,11.38,11.76
11/17/2017,11.75,12.01,11.16,11.43
11/20/2017,11.96,12.08,10.44,10.65
11/21/2017,10.74,10.78,9.67,9.73
11/22/2017,9.6,9.88,9.32,9.88
11/24/2017,9.82,9.96,8.56,9.67
11/27/2017,10.07,10.26,9.79,9.87
11/28/2017,9.72,10.31,9.53,10.03
11/29/2017,9.91,10.93,9.81,10.7
11/30/2017,10.49,12.05,10.25,11.28
12/01/2017,11.19,14.58,10.54,11.43
12/04/2017,11.05,11.86,10.26,11.68
12/05/2017,11.38,11.67,10.65,11.33
12/06/2017,11.63,11.68,10.86,11.02
12/07/2017,10.9,11.32,10.12,10.16
12/08/2017,10,10.06,9.43,9.58
12/11/2017,9.74,10.08,9.28,9.34
12/12/2017,9.36,9.92,9.21,9.92
12/13/2017,9.78,10.21,9.65,10.18
12/14/2017,9.98,10.54,9.78,10.49
12/15/2017,10.12,10.2,9.22,9.42
12/18/2017,9.46,9.89,9.24,9.53
12/19/2017,9.4,10.15,9.18,10.03
12/20/2017,9.69,9.85,8.9,9.72
12/21/2017,9.59,9.86,9.2,9.62
12/22/2017,9.37,10.18,9.35,9.9
12/26/2017,10.19,10.46,10.13,10.25
12/27/2017,10.04,10.79,9.71,10.47
12/28/2017,10.29,10.44,10.07,10.18
12/29/2017,10.03,11.06,9.95,11.04
01/02/2018,10.95,11.07,9.52,9.77
01/03/2018,9.56,9.65,8.94,9.15
01/04/2018,9.01,9.31,8.92,9.22
01/05/2018,9.1,9.54,9,9.22
01/08/2018,9.61,9.89,9.32,9.52
01/09/2018,9.41,10.09,9.37,10.08
01/10/2018,10.11,10.85,9.82,9.82
01/11/2018,9.69,10.02,9.62,9.88
01/12/2018,9.74,10.31,9.54,10.16
01/16/2018,10.42,12.41,10.4,11.66
01/17/2018,11.35,12.81,11.18,11.91
01/18/2018,12.01,12.4,11.62,12.22
01/19/2018,12.3,12.33,11.18,11.27
01/22/2018,11.59,11.62,10.84,11.03
01/23/2018,10.77,11.57,10.76,11.1
01/24/2018,11,12.19,10.89,11.47
01/25/2018,11.27,12.01,11.2,11.58
01/26/2018,11.4,11.6,11.08,11.08
01/29/2018,11.71,13.84,11.68,13.84
01/30/2018,13.93,15.42,13.88,14.79
01/31/2018,14.23,14.44,13.41,13.54
02/01/2018,13.05,14.3,12.5,13.47
02/02/2018,13.64,17.86,13.64,17.31
02/05/2018,18.44,38.8,16.8,37.32
02/06/2018,37.32,50.3,22.42,29.98
02/07/2018,31.38,31.64,21.17,27.73
02/08/2018,27.29,36.17,24.41,33.46
02/09/2018,32.18,41.06,27.73,29.06
02/12/2018,27.25,29.7,24.42,25.61
02/13/2018,26.94,27.82,24.47,24.97
02/14/2018,23.48,25.72,18.99,19.26
02/15/2018,18.39,20.66,17.6,19.13
02/16/2018,18.74,20.99,17.44,19.46
02/20/2018,20.53,21.61,19.75,20.6
02/21/2018,20.76,21.04,16.97,20.02
02/22/2018,20.57,20.61,18.07,18.72
02/23/2018,17.96,18.8,16.47,16.49
02/26/2018,16.53,16.94,15.8,15.8
02/27/2018,15.83,18.98,15.29,18.59
02/28/2018,18.08,20.44,15.65,19.85
03/01/2018,19.96,25.3,19.57,22.47
03/02/2018,22.47,26.22,19.36,19.59
03/05/2018,21.55,21.57,17.94,18.73
03/06/2018,18.25,19.64,17.68,18.36
03/07/2018,20.11,20.49,17.52,17.76
03/08/2018,17.56,17.68,14.91,16.54
03/09/2018,16.41,16.75,13.31,14.64
03/12/2018,15.28,16.35,15.18,15.78
03/13/2018,15.7,16.98,15.03,16.35
03/14/2018,16.59,17.59,14.94,17.23
03/15/2018,16.99,17.41,15.96,16.59
03/16/2018,16.6,16.72,15.23,15.8
03/19/2018,16.63,21.87,16.56,19.02
03/20/2018,18.38,19.31,18.09,18.2
03/21/2018,17.76,18.37,16.26,17.86
03/22/2018,18.13,23.81,18.12,23.34
03/23/2018,24.02,26.01,21.63,24.87
03/26/2018,23.41,24.54,20.71,21.03
03/27/2018,20.33,24.06,19.84,22.5
03/28/2018,22.52,24.94,21.71,22.87
03/29/2018,22.87,23.05,19.6,19.97
04/02/2018,21.07,25.72,20.44,23.62
04/03/2018,23.03,23.38,20.92,21.1
04/04/2018,21.68,24.51,19.86,20.06
04/05/2018,19.76,20.21,18.57,18.94
04/06/2018,20.33,23.12,18.6,21.49
04/09/2018,21.27,22.02,20.34,21.77
04/10/2018,20.51,21.68,20.24,20.47
04/11/2018,20.95,21.66,19.64,20.24
04/12/2018,19.83,19.92,18.16,18.49
04/13/2018,18.27,18.45,17.26,17.41
04/16/2018,17.59,17.66,16.38,16.56
04/17/2018,16.16,16.27,14.57,15.25
04/18/2018,15.3,16.9,14.95,15.6
04/19/2018,15.55,16.92,15.16,15.96
04/20/2018,16.16,17.5,15.19,16.88
04/23/2018,17.29,17.56,15.79,16.34
04/24/2018,16.16,19.66,15.37,18.02
04/25/2018,18.14,19.84,17.75,17.84
04/26/2018,18.07,18.12,16.24,16.24
04/27/2018,16.22,16.77,15.25,15.41
04/30/2018,15.39,16.35,15.13,15.93
05/01/2018,15.78,16.82,15.42,15.49
05/02/2018,15.48,15.97,14.75,15.97
05/03/2018,15.78,18.66,15.43,15.9
05/04/2018,15.94,16.92,10.91,14.77
05/07/2018,15.32,15.52,14.51,14.75
05/08/2018,14.53,15.56,14.52,14.71
05/09/2018,14.54,14.63,13.38,13.42
05/10/2018,13.36,13.63,12.92,13.23
05/11/2018,13.22,13.44,12.65,12.65
05/14/2018,12.95,13.28,12.81,12.93
05/15/2018,13.13,15.01,12.5,14.63
05/16/2018,14.38,14.91,13.21,13.42
05/17/2018,13.54,13.86,12.65,13.43
05/18/2018,13.18,13.87,13.06,13.42
05/21/2018,13.44,13.59,12.78,13.08
05/22/2018,13.03,13.42,12.77,13.22
05/23/2018,13.5,14.6,12.49,12.58
05/24/2018,12.73,14.24,12.53,12.53
05/25/2018,12.44,13.52,12.29,13.22
05/29/2018,14.39,18.78,14.39,17.02
05/30/2018,16.6,16.64,14.65,14.94
05/31/2018,14.93,16.29,14.2,15.43
06/01/2018,14.92,14.93,13.37,13.46
06/04/2018,13.91,13.91,12.69,12.74
06/05/2018,12.91,13.34,12.3,12.4
06/06/2018,12.1,12.56,11.62,11.64
06/07/2018,11.66,13.28,11.22,12.13
06/08/2018,12.54,13.31,12.09,12.18
06/11/2018,12.52,12.69,12.14,12.35
06/12/2018,12.29,12.6,11.88,12.34
06/13/2018,12.13,12.95,11.98,12.94
06/14/2018,12.98,13.07,11.88,12.12
06/15/2018,12.19,13.16,11.93,11.98
06/18/2018,12.79,13.74,12.28,12.31
06/19/2018,14.61,14.68,13.21,13.35
06/20/2018,12.9,13.02,12.25,12.79
06/21/2018,12.54,15.18,12.18,14.64
06/22/2018,14.6,14.6,13.11,13.77
06/25/2018,15.07,19.61,14.56,17.33
06/26/2018,16.71,17.54,15.1,15.92
06/27/2018,16.52,18.19,14.76,17.91
06/28/2018,17.54,18.99,16.4,16.85
06/29/2018,15.73,16.51,14.66,16.09
07/02/2018,17.7,18.08,15.54,15.6
07/03/2018,15.37,16.45,14.68,16.14
07/05/2018,15.62,16.22,14.47,14.97
07/06/2018,14.99,15.45,13.34,13.37
07/09/2018,13.42,13.45,12.6,12.69
07/10/2018,12.52,13.21,11.93,12.64
07/11/2018,14.05,14.15,13.09,13.63
07/12/2018,13.07,13.33,12.42,12.58
07/13/2018,12.39,12.97,11.62,12.18
07/16/2018,12.46,12.97,12.13,12.83
07/17/2018,12.91,13.18,11.85,12.06
07/18/2018,11.87,12.47,11.44,12.1
07/19/2018,12.2,13.09,11.79,12.87
07/20/2018,13,13.58,12.49,12.86
07/23/2018,13.47,13.55,12.58,12.62
07/24/2018,12.61,13.21,11.66,12.41
07/25/2018,12.37,12.82,11.8,12.29
07/26/2018,12.45,12.53,11.78,12.14
07/27/2018,12.17,14.26,11.6,13.03
07/30/2018,13.63,14.46,12.98,14.26
07/31/2018,13.98,14.12,12.81,12.83
08/01/2018,13.09,13.63,12.45,13.15
08/02/2018,13.57,14.53,12.17,12.19
08/03/2018,12.43,12.46,11.07,11.64
08/06/2018,11.91,12.15,11.17,11.27
08/07/2018,11.12,11.24,10.52,10.93
08/08/2018,10.93,11.18,10.52,10.85
08/09/2018,10.94,11.31,10.17,11.27
08/10/2018,11.82,13.82,11.59,13.16
08/13/2018,14.5,15.02,12.95,14.78
08/14/2018,13.93,14.22,13.11,13.31
08/15/2018,13.52,16.86,13.44,14.64
08/16/2018,14.18,14.36,12.82,13.45
08/17/2018,13.18,13.96,12.4,12.64
08/20/2018,12.57,12.79,12.26,12.49
08/21/2018,12.47,12.89,12.09,12.86
08/22/2018,13.09,13.29,11.97,12.25
08/23/2018,12.03,12.68,11.65,12.41
08/24/2018,12.13,12.17,11.83,11.99
08/27/2018,12.37,12.48,12.02,12.16
08/28/2018,12.01,12.5,11.87,12.5
08/29/2018,12.34,12.55,12.09,12.25
08/30/2018,12.25,13.95,12.24,13.53
08/31/2018,13.54,14.03,12.82,12.86
09/04/2018,13.13,14.35,13.12,13.16
09/05/2018,13.69,14.3,13.23,13.91
09/06/2018,14.21,15.41,13.72,14.65
09/07/2018,14.72,15.63,14.31,14.88
09/10/2018,15.09,15.2,13.93,14.16
09/11/2018,13.96,14.92,13.21,13.22
09/12/2018,13.07,13.86,12.91,13.14
09/13/2018,12.91,12.91,12.3,12.37
09/14/2018,12.13,13.15,11.93,12.07
09/17/2018,12.72,13.75,12.32,13.68
09/18/2018,13.48,13.48,12.56,12.79
09/19/2018,12.61,12.77,11.66,11.75
09/20/2018,11.82,11.96,11.31,11.8
09/21/2018,11.76,12.03,11.1,11.68
09/24/2018,12.46,12.92,12.18,12.2
09/25/2018,12.28,12.6,11.8,12.42
09/26/2018,12.21,13.13,11.55,12.89
09/27/2018,12.77,13,11.94,12.41
09/28/2018,12.59,13.22,12.09,12.12
10/01/2018,11.99,12.4,11.57,12
10/02/2018,12.47,12.69,11.61,12.05
10/03/2018,11.66,12.14,11.34,11.61
10/04/2018,12.84,15.84,12.42,14.22
10/05/2018,14.29,17.36,11.72,14.82
10/08/2018,16.05,18.38,15.69,15.69
10/09/2018,16.12,17.49,15.27,15.95
10/10/2018,16.03,22.96,15.83,22.96
10/11/2018,23.07,28.84,20.65,24.98
10/12/2018,21.63,26.8,20.88,21.31
10/15/2018,21.97,22.89,19.47,21.3
10/16/2018,20.28,20.56,17.55,17.62
10/17/2018,17.06,19.55,17.06,17.4
10/18/2018,18.02,21.57,17.51,20.06
10/19/2018,19.24,21.08,18.39,19.89
10/22/2018,19.38,20.89,18.82,19.64
10/23/2018,22.18,24.66,20.18,20.71
10/24/2018,21.6,26.38,20.4,25.23
10/25/2018,24.78,24.78,22.06,24.22
10/26/2018,24.51,27.52,23.33,24.16
10/29/2018,24.48,27.86,22.01,24.7
10/30/2018,23.94,25.55,23.11,23.35
10/31/2018,22.72,22.8,20.39,21.23
11/01/2018,20.96,21.21,19.03,19.34
11/02/2018,18.52,21.61,18.05,19.51
11/05/2018,20.58,20.87,19.64,19.96
11/06/2018,19.84,20.6,19.69,19.91
11/07/2018,18.03,18.05,16.33,16.36
11/08/2018,16.18,17.2,16.09,16.72
11/09/2018,16.87,18.41,16.84,17.36
11/12/2018,17.26,20.71,17.25,20.45
11/13/2018,19.45,21.25,19.11,20.02
11/14/2018,20.52,22.36,19.3,21.25
11/15/2018,20.41,22.97,19.94,19.98
11/16/2018,20.04,21.36,18.1,18.14
11/19/2018,18.78,20.99,18.52,20.1
11/20/2018,20.76,23.81,20.37,22.48
11/21/2018,21.66,22.31,20.11,20.8
11/23/2018,21.23,22.65,20.65,21.52
11/26/2018,20.78,20.8,18.67,18.9
11/27/2018,19.41,19.93,18.7,19.02
11/28/2018,18.87,19.38,18.18,18.49
11/29/2018,18.65,20.48,18.59,18.79
11/30/2018,19.18,19.91,18.03,18.07
12/03/2018,16.04,17.28,15.94,16.44
12/04/2018,16.84,21.94,16.26,20.74
12/06/2018,23.53,25.94,20.94,21.19
12/07/2018,22.42,24.71,19.9,23.23
12/10/2018,23.95,25.94,22.5,22.64
12/11/2018,22.96,23.6,21.39,21.76
12/12/2018,21.91,21.91,20.5,21.46
12/13/2018,21,21.57,20.34,20.65
12/14/2018,21.57,22.47,20.95,21.63
12/17/2018,22.36,25.88,21.97,24.52
12/18/2018,24.68,26.14,23.64,25.58
12/19/2018,25.15,26.64,22.5,25.58
12/20/2018,26.09,30.3,24.68,28.38
12/21/2018,28.24,31.35,25.71,30.11
12/24/2018,29.29,36.1,29.16,36.07
12/26/2018,35.5,36.2,29.59,30.41
12/27/2018,31.2,33.8,29.66,29.96
12/28/2018,29.97,31.05,27.43,28.34
12/31/2018,27.59,27.64,25.33,25.42
01/02/2019,27.54,28.53,23.05,23.22
01/03/2019,25.68,26.6,24.05,25.45
01/04/2019,24.36,24.48,21.19,21.38
01/07/2019,22.06,22.71,20.91,21.4
01/08/2019,20.96,22.03,20.09,20.47
01/09/2019,20.44,22.8,19.48,19.98
01/10/2019,20.98,21.32,19.29,19.5
01/11/2019,19.68,20.16,18.12,18.19
01/14/2019,19.84,20.27,18.7,19.07
01/15/2019,18.53,19.2,17.98,18.6
01/16/2019,18.08,19.04,17.76,19.04
01/17/2019,19.51,19.72,17.85,18.06
01/18/2019,17.8,18.18,17.17,17.8
01/22/2019,18.53,21.15,18.2,20.8
01/23/2019,20.85,22.02,19.47,19.52
01/24/2019,19.69,20.25,18.63,18.89
01/25/2019,18.43,18.46,17.31,17.42
01/28/2019,18.56,20.42,18.42,18.87
01/29/2019,19.45,19.93,18.42,19.13
01/30/2019,19.15,19.31,17.54,17.66
01/31/2019,17.39,17.72,16.54,16.57
02/01/2019,16.63,16.83,16.08,16.14
02/04/2019,16.72,16.73,15.6,15.73
02/05/2019,15.79,15.94,15.04,15.57
02/06/2019,15.44,15.87,15.09,15.38
02/07/2019,15.66,17.89,15.51,16.37
02/08/2019,16.81,17.63,15.62,15.72
02/11/2019,16.17,16.5,15.34,15.97
02/12/2019,15.23,15.65,14.95,15.43
02/13/2019,15.46,15.91,15,15.65
02/14/2019,15.61,17.27,15.3,16.22
02/15/2019,16.82,16.82,14.79,14.91
02/19/2019,15.65,16.16,14.64,14.88
02/20/2019,14.92,15.19,13.99,14.02
02/21/2019,14,15.17,13.85,14.46
02/22/2019,14.46,14.47,13.51,13.51
02/25/2019,13.91,14.9,13.44,14.85
02/26/2019,15.16,15.28,14.52,15.17
02/27/2019,15.53,16.17,14.7,14.7
02/28/2019,15.17,15.24,14.39,14.78
03/01/2019,14.57,14.84,13.41,13.57
03/04/2019,13.77,16.98,13.38,14.63
03/05/2019,14.52,15.39,14.26,14.74
03/06/2019,14.91,16.11,14.74,15.74
03/07/2019,16.33,17.81,15.54,16.59
03/08/2019,17.38,18.33,16.02,16.05
03/11/2019,16.28,16.43,14.33,14.33
03/12/2019,13.97,14.7,13.61,13.77
03/13/2019,14,14.05,13.25,13.41
03/14/2019,13.35,13.84,13.16,13.5
03/15/2019,13.21,13.28,12.5,12.88
03/18/2019,13.13,13.8,13,13.1
03/19/2019,12.89,13.77,12.37,13.56
03/20/2019,13.54,14.3,13.05,13.91
03/21/2019,14.11,14.56,13.26,13.63
03/22/2019,13.77,17.52,13.62,16.48
03/25/2019,17.76,17.85,16.26,16.33
03/26/2019,16.22,16.3,14.67,14.68
03/27/2019,14.52,16.71,14.51,15.15
03/28/2019,15.38,15.62,14.41,14.43
03/29/2019,14.19,14.43,13.64,13.71
04/01/2019,13.9,14.01,13.32,13.4
04/02/2019,13.62,13.68,13.13,13.36
04/03/2019,13.06,14.27,12.85,13.74
04/04/2019,13.84,14.03,13.4,13.58
04/05/2019,13.46,13.47,12.17,12.82
04/08/2019,13.55,13.77,13.1,13.18
04/09/2019,13.46,14.39,13.31,14.28
04/10/2019,14.09,14.29,13.27,13.3
04/11/2019,13.37,13.58,12.91,13.02
04/12/2019,12.96,12.96,11.95,12.01
04/15/2019,12.46,13.14,12.24,12.32
04/16/2019,12.26,12.47,11.85,12.18
04/17/2019,12.12,13.02,11.03,12.6
04/18/2019,12.8,13.12,12.02,12.09
04/22/2019,13.21,13.36,12.38,12.42
04/23/2019,12.66,12.69,12.08,12.28
04/24/2019,12.53,13.23,12.26,13.14
04/25/2019,13.29,14.3,12.81,13.25
04/26/2019,13.44,13.62,12.49,12.73
04/29/2019,13.04,13.27,12.65,13.11
04/30/2019,13.11,14.05,12.88,13.12
05/01/2019,12.86,14.83,12.74,14.8
05/02/2019,14.35,15.92,13.8,14.42
05/03/2019,14.11,14.15,12.8,12.87
05/06/2019,12.89,18.8,12.89,15.44
05/07/2019,15.9,21.84,15.8,19.32
05/08/2019,18.95,21.74,18.29,19.4
05/09/2019,21.4,23.38,18.87,19.1
05/10/2019,18.79,20.19,15.57,16.04
05/13/2019,18.62,21.32,18.35,20.55
05/14/2019,19.4,19.65,17.45,18.06
05/15/2019,17.57,19.15,16.41,16.44
05/16/2019,16.69,17.13,15.16,15.29
05/17/2019,15.89,16.81,14.86,15.96
05/20/2019,15.88,17.63,15.46,16.31
05/21/2019,15.86,16.22,14.79,14.95
05/22/2019,15.06,15.44,14.42,14.75
05/23/2019,15.93,18.05,15.28,16.92
05/24/2019,16.34,16.52,15.52,15.85
05/28/2019,16.55,17.7,15.9,17.5
05/29/2019,18.55,19.04,17.62,17.9
05/30/2019,17.47,18.11,16.72,17.3
05/31/2019,19.05,19.72,18.01,18.71
06/03/2019,19.41,19.75,18.16,18.86
06/04/2019,18.74,18.74,16.97,16.97
06/05/2019,17.06,17.49,16.04,16.09
06/06/2019,16.25,16.54,15.36,15.93
06/07/2019,15.65,16.44,15.33,16.3
06/10/2019,16.3,16.47,15.84,15.94
06/11/2019,15.84,16.7,15.5,15.99
06/12/2019,16.26,16.43,15.78,15.91
06/13/2019,16.16,16.21,15.61,15.82
06/14/2019,16,16.4,15.21,15.28
06/17/2019,15.65,15.76,15.24,15.35
06/18/2019,14.89,15.54,14.62,15.15
06/19/2019,15.05,15.71,14.15,14.33
06/20/2019,14.04,16.03,13.19,14.75
06/21/2019,14.74,15.48,14.42,15.4
06/24/2019,15.46,15.56,15.23,15.26
06/25/2019,15.43,16.68,15.1,16.28
06/26/2019,16.1,16.6,15.47,16.21
06/27/2019,15.66,16.4,15.66,15.82
06/28/2019,15.7,16.13,15.08,15.08
07/01/2019,13.85,14.64,13.8,14.06
07/02/2019,14.16,14.3,12.9,12.93
07/03/2019,13.18,13.19,12.56,12.57
07/05/2019,13,14.47,12.04,13.28
07/08/2019,13.73,14.44,13.64,13.96
07/09/2019,14.47,14.71,13.99,14.09
07/10/2019,14.38,14.69,12.98,13.03
07/11/2019,13.01,13.33,12.39,12.93
07/12/2019,12.76,12.82,12.28,12.39
07/15/2019,12.58,13.02,12.49,12.68
07/16/2019,12.61,13.14,12.28,12.86
07/17/2019,12.62,13.97,12.24,13.97
07/18/2019,14.45,14.5,13.19,13.53
07/19/2019,13.31,14.45,13.09,14.45
07/22/2019,14.55,14.7,13.42,13.53
07/23/2019,13.42,13.52,12.55,12.61
07/24/2019,12.8,13.1,11.98,12.07
07/25/2019,12.24,13.54,11.69,12.74
07/26/2019,12.58,12.72,12.01,12.16
07/29/2019,12.7,13.17,12.58,12.83
07/30/2019,12.87,14.18,12.87,13.94
07/31/2019,13.83,16.55,13.46,16.12
08/01/2019,15.41,19.46,13.73,17.87
08/02/2019,17.69,20.11,17.04,17.61
08/05/2019,19.96,24.81,19.91,24.59
08/06/2019,22.29,22.87,19.77,20.17
08/07/2019,20.7,23.67,18.94,19.49
08/08/2019,19.36,19.89,16.82,16.91
08/09/2019,18.14,19.44,17.31,17.97
08/12/2019,17.87,21.26,17.77,21.09
08/13/2019,21.28,21.64,17.52,17.52
08/14/2019,17.81,22.71,17.75,22.1
08/15/2019,21.58,24.1,20.78,21.18
08/16/2019,20.48,20.5,18.41,18.47
08/19/2019,17.93,18.22,16.52,16.88
08/20/2019,16.78,17.7,16.45,17.5
08/21/2019,17.01,17.04,15.51,15.8
08/22/2019,16.12,17.68,15.63,16.68
08/23/2019,16.15,21.07,16.04,19.87
08/26/2019,20.34,21.33,19.06,19.32
08/27/2019,20.18,21.04,18.49,20.31
08/28/2019,20.55,21.64,19.1,19.35
08/29/2019,19.02,19.2,17.6,17.88
08/30/2019,17.94,19.18,17.09,18.98
09/03/2019,20.96,21.15,19.41,19.66
09/04/2019,18.23,18.83,17.26,17.33
09/05/2019,16.92,17.05,15.45,16.27
09/06/2019,15.92,16.06,14.91,15
09/09/2019,15.26,16.13,14.95,15.27
09/10/2019,15.53,16.52,15.11,15.2
09/11/2019,15.33,15.52,14.55,14.61
09/12/2019,14.69,14.94,13.85,14.22
09/13/2019,14.16,14.31,13.51,13.74
09/16/2019,14.89,15.29,14.5,14.67
09/17/2019,14.92,15.03,14.4,14.44
09/18/2019,14.61,15.8,13.8,13.95
09/19/2019,14.66,14.66,13.31,14.05
09/20/2019,13.94,15.84,13.35,15.32
09/23/2019,15.35,16,14.71,14.91
09/24/2019,14.77,17.62,14.33,17.05
09/25/2019,17.05,18.45,15.69,15.96
09/26/2019,16.23,17.09,15.35,16.07
09/27/2019,15.77,18.69,15.15,17.22
09/30/2019,17.23,17.35,16.2,16.24
10/01/2019,16.02,18.62,15.79,18.56
10/02/2019,18.75,21.46,18.75,20.56
10/03/2019,20.11,21.44,19.03,19.12
10/04/2019,19.42,19.97,16.97,17.04
10/07/2019,18.27,18.52,16.44,17.86
10/08/2019,17.61,20.38,17.42,20.28
10/09/2019,19.94,20,17.77,18.64
10/10/2019,19.28,19.8,17.56,17.57
10/11/2019,17.35,17.44,15.11,15.58
10/14/2019,15.66,16.5,14.51,14.57
10/15/2019,13.94,14.43,13.39,13.54
10/16/2019,13.94,14.26,13.6,13.68
10/17/2019,13.79,14.18,13.31,13.79
10/18/2019,14.2,15.16,13.78,14.25
10/21/2019,14.24,14.63,14,14
10/22/2019,13.99,14.61,13.7,14.46
10/23/2019,14.83,15.12,14.01,14.01
10/24/2019,13.98,14.34,13.4,13.71
10/25/2019,13.53,13.79,12.62,12.65
10/28/2019,13.01,13.14,12.66,13.11
10/29/2019,13.16,13.52,13.07,13.2
10/30/2019,13.23,13.77,12.27,12.33
10/31/2019,12.21,13.95,12.19,13.22
11/01/2019,12.99,13.12,12.25,12.3
11/04/2019,12.68,13.13,12.44,12.83
11/05/2019,12.85,13.28,12.25,13.1
11/06/2019,13.18,13.39,12.6,12.62
11/07/2019,12.59,12.89,12.26,12.73
11/08/2019,12.98,13.05,12,12.07
11/11/2019,13.15,13.49,12.66,12.69
11/12/2019,12.64,13.1,12.36,12.68
11/13/2019,12.91,13.9,12.88,13
11/14/2019,13.16,13.81,12.93,13.05
11/15/2019,12.95,12.97,11.92,12.05
11/18/2019,12.39,13.1,12.32,12.46
11/19/2019,12.33,13.01,12.16,12.86
11/20/2019,13.42,14.17,12.61,12.78
11/21/2019,13.35,13.86,12.49,13.13
11/22/2019,12.82,13.25,12.33,12.34
11/25/2019,12.51,12.59,11.73,11.87
11/26/2019,11.88,12.04,11.42,11.54
11/27/2019,11.55,11.79,11.44,11.75
11/29/2019,12.5,12.83,12.12,12.62
12/02/2019,12.69,15.27,12.55,14.91
12/03/2019,14.68,17.99,14.61,15.96
12/04/2019,16.38,16.4,14.12,14.8
12/05/2019,14.46,15.37,14.17,14.52
12/06/2019,14.37,14.47,13.19,13.62
12/09/2019,14.25,16.07,12.25,15.86
12/10/2019,15.8,16.9,14.93,15.68
12/11/2019,15.57,15.97,14.98,14.99
12/12/2019,14.94,15.55,13.6,13.94
12/13/2019,13.18,14.35,12.54,12.63
12/16/2019,12.47,12.53,11.71,12.14
12/17/2019,12.23,12.47,11.9,12.29
12/18/2019,12.24,12.7,11.93,12.58
12/19/2019,12.55,12.78,12.43,12.5
12/20/2019,12.55,12.61,12.04,12.51
12/23/2019,12.81,12.9,12.41,12.61
12/24/2019,12.65,12.84,12.56,12.67
12/26/2019,12.74,12.75,11.72,12.65
12/27/2019,12.61,13.72,11.89,13.43
12/30/2019,13.74,15.14,13.44,14.82
12/31/2019,14.84,15.39,13.75,13.78
01/02/2020,13.46,13.72,12.42,12.47
01/03/2020,15.01,16.2,13.13,14.02
01/06/2020,15.45,16.39,13.54,13.85
01/07/2020,13.84,14.46,13.39,13.79
01/08/2020,15.16,15.24,12.83,13.45
01/09/2020,12.95,13.24,12.53,12.54
01/10/2020,12.42,12.87,12.09,12.56
01/13/2020,12.84,13.09,12.32,12.32
01/14/2020,12.72,13.82,12.05,12.39
01/15/2020,12.79,12.83,11.95,12.42
01/16/2020,12.2,12.42,11.78,12.32
01/17/2020,12.21,12.48,11.75,12.1
01/21/2020,13.23,13.33,12.32,12.85
01/22/2020,12.45,13.01,12.31,12.91
01/23/2020,13.26,14.15,12.94,12.98
01/24/2020,12.75,15.98,12.62,14.56
01/27/2020,17.42,19.02,16.82,18.23
01/28/2020,16.94,18.03,15.69,16.28
01/29/2020,15.68,16.65,14.94,16.39
01/30/2020,17.82,18.39,15.3,15.49
01/31/2020,16.25,19.99,16.18,18.84
02/03/2020,18.64,18.88,17.1,17.97
02/04/2020,16.45,16.46,15.63,16.05
02/05/2020,16.29,16.32,15.02,15.15
02/06/2020,15.13,15.66,14.7,14.96
02/07/2020,15.07,16.16,14.81,15.47
02/10/2020,15.88,16.43,15.01,15.04
02/11/2020,14.91,15.27,14.38,15.18
02/12/2020,14.86,14.88,13.73,13.74
02/13/2020,14.43,15.44,14,14.15
02/14/2020,14.12,14.54,13.38,13.68
02/18/2020,14.98,15.49,14.53,14.83
02/19/2020,14.66,14.74,14.21,14.38
02/20/2020,14.54,17.21,14.49,15.56
02/21/2020,17.33,18.21,16.19,17.08
02/24/2020,22.25,26.35,22,25.03
02/25/2020,22.19,30.25,22.19,27.85
02/26/2020,26.63,29.57,24.76,27.56
02/27/2020,28.95,39.31,27.79,39.16
02/28/2020,42.02,49.48,39.37,40.11